lgMv1_SD_Proband,lgMv1_SD_Proband1,lgMv0_sGD_Proband,lgMv0_sGD_Proband1,lgMv0_topGD_Proband,lgMv0_topGD_Proband1,lgM_v1v0_Proband,lgM_v1v0_Proband1,sGD_Proband,sGD_Proband1,r_Proband,r_Proband1,seq,varID
[-3.4011974334716797, -2.995732307434082],0.0,0.0,0.0,0.0,[-3.4011974334716797, -2.995732307434082],0.0,0.0,nan,nan,0,A0
[-1.0986123085021973, -1.7917594909667969],0.0,0.0,-1.0986123085021973,-1.0986123085021973,[-2.1972246170043945, -2.890371799468994],0.0,0.0,1.0,0.5773502691896257,1,SNP1
[-0.6931471824645996, -0.6931471824645996],0.0,0.0,-2.4849066734313965,-1.7917594909667969,[-3.178053855895996, -2.4849066734313965],0.0,0.0,0.5773502691896257,1.0,2,SNP2
[-0.6931471824645996, -0.6931471824645996],0.0,0.0,-2.4849066734313965,-2.4849066734313965,[-3.178053855895996, -3.178053855895996],0.0,0.0,-0.5773502691896257,-0.3333333333333333,3,SNP3
[-1.7917594909667969, -1.0986123085021973],0.0,0.0,-1.7917594909667969,-1.3862943649291992,[-3.5835189819335938, -2.4849066734313965],0.0,0.0,0.0,-0.5773502691896257,4,SNP4
[-0.6931471824645996, -0.6931471824645996],0.0,0.0,-2.4849066734313965,-1.7917594909667969,[-3.178053855895996, -2.4849066734313965],0.0,0.0,0.5773502691896257,1.0,5,SNP5
