lgMv1_SD_Proband,lgMv1_SD_Proband1,lgMv0_sGD_Proband,lgMv0_sGD_Proband1,lgMv0_topGD_Proband,lgMv0_topGD_Proband1,lgM_v1v0_Proband,lgM_v1v0_Proband1,sGD_Proband,sGD_Proband1,r_Proband,r_Proband1,seq,varID
[-3.400390625, -3.400390625],0,0,0,0,[-3.400390625, -3.400390625],A0,A0,nan,nan,0,A0
[-1.0986328125, -1.0986328125],-1.098632813,-1.098632813,-1.098632813,-1.098632813,[-2.197265625, -2.197265625],A0,A0,1,1,1,SNP1
[-0.693359375, -0.693359375],-1.791992188,-1.791992188,-1.791992188,-1.791992188,[-2.484375, -2.484375],SNP1,SNP1,0.577350269,0.577350269,2,SNP2
[-0.693359375, -0.693359375],-1.791015625,-1.791015625,-1.791015625,-1.791015625,[-2.484375, -2.484375],SNP1,SNP1,-0.577350269,-0.577350269,3,SNP3
[-1.7919921875, -1.7919921875],-1.38671875,-1.38671875,-1.38671875,-1.38671875,[-3.1796875, -3.1796875],SNP1,SNP1,0,0,4,SNP4
[-0.693359375, -0.693359375],-1.791992188,-1.791992188,-1.791992188,-1.791992188,[-2.484375, -2.484375],SNP1,SNP1,0.577350269,0.577350269,5,SNP5
