lgMv1_SD_Proband,lgMv1_SD_Proband1,lgMv0_sGD_Proband,lgMv0_sGD_Proband1,lgMv0_topGD_Proband,lgMv0_topGD_Proband1,lgM_v1v0_Proband,lgM_v1v0_Proband1,sGD_Proband,sGD_Proband1,r_Proband,r_Proband1,seq,varID
-3.401197381662155,-3.401197381662155,0.0,0.0,0.0,0.0,-3.401197381662155,-3.401197381662155,A0,A0,nan,nan,0,A0
-1.0986122886681096,-1.0986122886681096,-1.0986122886681096,-1.0986122886681096,-1.0986122886681096,-1.0986122886681096,-2.197224577336219,-2.197224577336219,A0,A0,1.0,1.0,1,SNP1
-0.6931471805599453,-0.6931471805599453,-1.791759469228055,-1.791759469228055,-1.791759469228055,-1.791759469228055,-2.4849066497880004,-2.4849066497880004,SNP1,SNP1,0.5773502691896257,0.5773502691896257,2,SNP2
-0.6931471805599453,-0.6931471805599453,-1.791759469228055,-1.791759469228055,-1.791759469228055,-1.791759469228055,-2.4849066497880004,-2.4849066497880004,SNP1,SNP1,-0.5773502691896257,-0.5773502691896257,3,SNP3
-1.791759469228055,-1.791759469228055,-1.3862943611198906,-1.3862943611198906,-1.3862943611198906,-1.3862943611198906,-3.1780538303479453,-3.1780538303479453,SNP1,SNP1,0.0,0.0,4,SNP4
-0.6931471805599453,-0.6931471805599453,-1.791759469228055,-1.791759469228055,-1.791759469228055,-1.791759469228055,-2.4849066497880004,-2.4849066497880004,SNP1,SNP1,0.5773502691896257,0.5773502691896257,5,SNP5
