RR_Proband,RR_Proband1,M_Proband,M_Proband1,seq,varID
1.0,1.0,-3.400390625,-3.400390625,0,A0
0.333251953125,0.333251953125,-2.197265625,-2.197265625,1,SNP1
0.55517578125,0.55517578125,-3.177734375,-3.177734375,2,SNP2
1.6669921875,1.6669921875,-3.177734375,-3.177734375,3,SNP3
1.0,1.0,-3.583984375,-3.583984375,4,SNP4
0.55517578125,0.55517578125,-3.177734375,-3.177734375,5,SNP5
