RR_Proband,RR_Proband1,M_Proband,M_Proband1,seq,varID
1.0,1.0,-3.401197381662155,-3.401197381662155,0,A0
0.3333333333333333,0.3333333333333333,-2.197224577336219,-2.197224577336219,1,SNP1
0.5555555555555556,0.5555555555555556,-3.1780538303479458,-3.1780538303479458,2,SNP2
1.6666666666666665,1.6666666666666665,-3.1780538303479458,-3.1780538303479458,3,SNP3
1.0,1.0,-3.58351893845611,-3.58351893845611,4,SNP4
0.5555555555555556,0.5555555555555556,-3.1780538303479458,-3.1780538303479458,5,SNP5
